שם,אזור,מחיר לילה,מס' יחידות,טלפון,קישור למודעה,אינסטגרם,הערות
נופש באלון 10,ראש פינה,לא אומת,1,לא אומת,https://www.zimmer.co.il/premium.asp?site_id=5695,לא נבדק,"יוקרה: אבן עתיקה, בריכה פרטית + ג'קוזי + סאונה — פרופיל חזק"
וילה תהילה,ראש פינה העתיקה,לא אומת,11,052-9706499,https://www.zimmer.co.il/premium.asp?site_id=2427,לא נבדק,"11 יחידות! מתחם גדול בראש פינה העתיקה — פוטנציאל ריטיינר גבוה"
קסם לנוף כנרת,ראש פינה,לא אומת,2,לא אומת,https://www.zimmer.co.il/premium.asp?site_id=3366,לא נבדק,"וילות בוטיק יוקרתיות, נוף לגולן/כנרת/חרמון"
צימר הנפח,ראש פינה,לא אומת,לא אומת,לא אומת,https://www.weekend.co.il/zimmers/blacksmith-hospitality,לא נבדק,"בריכה פרטית במרפסת של כל סוויטה + בריכה משותפת"
אחוזת המושבה,ראש פינה,לא אומת,לא אומת,לא אומת,https://www.zimmer.co.il/premium.asp?site_id=4883,לא נבדק,
צימר אהבה,ראש פינה,לא אומת,לא אומת,לא אומת,https://www.zimmer.co.il/premium.asp?site_id=6074,לא נבדק,"בקתה מבודדת לזוגות, ג'קוזי ספא גדול בחצר"
נוף פסגות POSH PINA,ראש פינה,לא אומת,לא אומת,לא אומת,https://www.zimmer.co.il/premium.asp?site_id=3349,לא נבדק,
אחוזת אתי,ראש פינה,לא אומת,לא אומת,לא אומת,https://www.zimmer.co.il/premium.asp?site_id=201,לא נבדק,
אחוזת נויה ובצל התאנה,ספסופה (כפר חושן),לא אומת,4,052-9708936,https://www.zimmer.co.il/premium.asp?site_id=3186,לא נבדק,"וילה + 2 בקתות עץ + סוויטת ספא, למרגלות הר מירון"
אחוזת דיימונדס,צפת,לא אומת,3+,052-9708540,https://www.zimmer.co.il/premium.asp?site_id=2952,לא נבדק,"סוויטות גדולות חדשות, ג'קוזי גדול — ברמה גבוהה"
אחוזת הארי,צפת העתיקה,לא אומת,3,052-9126027,https://www.zimmer.co.il/premium.asp?site_id=4640,לא נבדק,"מבנה עתיק משוחזר בלב העיר העתיקה — סיפור ויזואלי מעולה לרילס"
בקתות נוף אורנים,ביריה,לא אומת,3,052-9706721,https://www.zimmer.co.il/premium.asp?site_id=2247,לא נבדק,"3 בקתות מול צפת, בריכה + ג'קוזי חם גדול נוף להרי הגליל"
בקתה בצל ההר,ביריה,לא אומת,לא אומת,050-8616675,https://www.zimmer.co.il/premium.asp?site_id=1464,לא נבדק,"ליד עמוקה, ג'קוזי"
נעמת הגליל,טפחות,לא אומת,2,052-9125733,https://www.zimmer.co.il/premium.asp?site_id=5933,לא נבדק,"2 סוויטות מאובזרות"
אמיר חדרי אירוח,ארבל,לא אומת,7,050-7898500,https://www.zimmer.co.il/premium.asp?site_id=2473,לא נבדק,"7 יחידות: 4 בקתות עץ זוגיות + 3 משפחתיות"
שמיים וארץ סוויטות,אמירים,לא אומת,לא אומת,לא אומת,https://www.zimmer.co.il/premium.asp?site_id=1710,לא נבדק,"סוויטות בסגנון ייחודי"
נוף באמירים אירוח וספא דליה,אמירים,לא אומת,לא אומת,לא אומת,https://www.zimmer.co.il/premium.asp?site_id=46,לא נבדק,
בקתת אבן אידיליה,אמירים,לא אומת,לא אומת,לא אומת,https://www.zimmer.co.il/premium.asp?site_id=2222,לא נבדק,"בקתת אבן — ויזואל חזק"
צימר לבנדר love&dare,אמירים,לא אומת,לא אומת,לא אומת,https://www.zimmer.co.il/premium.asp?site_id=5830,לא נבדק,
לוין נוף מרהיב,אמירים,לא אומת,לא אומת,לא אומת,https://www.zimmer.co.il/premium.asp?site_id=924,לא נבדק,"בקתות עץ + בריכה + ג'קוזי, נוף מרהיב"
פנינה בפינה,קצרין,לא אומת,לא אומת,052-9706821,https://www.zimmer.co.il/premium.asp?site_id=5076,לא נבדק,"חדרי אירוח ברמה"
צימרים מעיין,קצרין,לא אומת,לא אומת,052-9706796,https://www.zimmer.co.il/premium.asp?site_id=4178,לא נבדק,
ניחוחות פרובנס,חד נס,לא אומת,לא אומת,052-9706636,https://www.zimmer.co.il/premium.asp?site_id=4171,לא נבדק,"סוויטות בוטיק בסגנון פרובנס — קונספט ויזואלי מובחן"
קסם ברמה,חד נס,לא אומת,4,052-9706999,https://www.zimmer.co.il/premium.asp?site_id=1001,לא נבדק,"4 סוויטות דלוקס + בריכת שחייה פרטית"
אחוזת זכרונות מאפריקה,חד נס,לא אומת,לא אומת,לא אומת,https://www.zimmer.co.il/premium.asp?site_id=1004,לא נבדק,"קונספט אפריקאי ייחודי — סיפור מעולה לרילס"
הום צימר,חד נס,לא אומת,לא אומת,לא אומת,https://www.zimmer.co.il/premium.asp?site_id=4115,לא נבדק,"מדורג גבוה בביקורות"
בקתות נוף כנרת,חד נס,לא אומת,לא אומת,לא אומת,https://www.zimmer.co.il/premium.asp?site_id=1745,לא נבדק,"בריכה מחוממת גדולה + ספא, גינה משותפת עם מנגל"
חדרי גולן,רמות,לא אומת,לא אומת,לא אומת,https://www.zimmer.co.il/premium.asp?site_id=730,לא נבדק,"בתי נופש מול הכנרת"
בקתות עדן רמות,רמות,לא אומת,לא אומת,לא אומת,https://www.zimmer.co.il/premium.asp?site_id=972,לא נבדק,"מיקום מעולה, נוף לכנרת"
בקתות ארץ כנרת,אזור כנרת,לא אומת,לא אומת,לא אומת,https://www.zimmer.co.il/premium.asp?site_id=5710,לא נבדק,
אחוזת האלה בגולן,נאות גולן,לא אומת,לא אומת,לא אומת,https://www.weekend.co.il/zimmers/hahyzat-haella,לא נבדק,"סוויטות מפוארות, ג'קוזי זרמים + בריכות ממוזגות"
פנינת הבזלת בגולן,שעל,לא אומת,לא אומת,052-9706855,https://www.zimmer.co.il/premium.asp?site_id=4703,לא נבדק,"צימר מבודד עם בריכה"
סוזנה באודם,אודם,לא אומת,לא אומת,לא אומת,https://www.zimmer.co.il/premium.asp?site_id=3702,לא נבדק,
אודם הבר,אודם,לא אומת,3,לא אומת,https://www.zimmer.co.il/premium.asp?site_id=1967,לא נבדק,"3 סוויטות זוגיות, ג'קוזי + דק עץ פרטי עם נוף"
בלוט אירוח כפרי,עין זיוון,לא אומת,לא אומת,לא אומת,https://www.zimmer.co.il/premium.asp?site_id=2279,לא נבדק,
אלעזר חדרי אירוח,נווה אטיב,לא אומת,לא אומת,לא אומת,https://www.zimmer.co.il/premium.asp?site_id=3431,לא נבדק,"למרגלות החרמון"
כלפון בחרמון,נווה אטיב,לא אומת,לא אומת,04-6981532,https://www.zimmer.co.il/premium.asp?site_id=884,לא נבדק,
מילס סוויטות נופש,נווה אטיב,לא אומת,לא אומת,לא אומת,https://www.zimmer.co.il/premium.asp?site_id=511,לא נבדק,
אצל סטפני,נווה אטיב,לא אומת,לא אומת,052-7810046,https://www.zimmer.co.il/premium.asp?site_id=1040,לא נבדק,"ליד החרמון"
וילה אל נוף הפנורמה,מטולה,לא אומת,לא אומת,לא אומת,https://www.zimmer.co.il/premium.asp?site_id=409,לא נבדק,
סוויטות וספא בגליל,קרית שמונה,לא אומת,6,לא אומת,https://www.zimmer.co.il/premium.asp?site_id=727,לא נבדק,"6 סוויטות גדולות, כניסה נפרדת לכל יחידה"
צימר אפ Zimmer Up,הגושרים,לא אומת,לא אומת,לא אומת,https://www.weekend.co.il/zimmers/zimmer-up,לא נבדק,
צימרי הגליל עלמה,עלמה,לא אומת,4,לא אומת,https://www.weekend.co.il/zimmers/zimeri-hgallil-alma,לא נבדק,"4 סוויטות אבן + חצר מטופחת עם בריכה"
צימר מעל המעיין,בית ג'אן,לא אומת,לא אומת,לא אומת,https://www.weekend.co.il/zimmers/zimmer-meal-hayam,לא נבדק,"ג'קוזי ביחידות + בריכה במתחם"
סוויטות פאר הגליל,עבדון (גליל מערבי),לא אומת,2,055-4313818,https://www.zimmer.co.il/premium.asp?site_id=514,לא נבדק,"2 סוויטות מפוארות מול נוף הרי הגליל"
נועם המרגלית,כפר ורדים,לא אומת,2,לא אומת,https://www.zimmer.co.il/premium.asp?site_id=2906,לא נבדק,"סטודיו עם ג'קוזי זוגי + וילת נופש 3 חדרים"
ים של גליל מערבי,גליל מערבי,לא אומת,לא אומת,לא אומת,https://www.zimmer.co.il/premium.asp?site_id=1596,לא נבדק,
Dvora's Romantic Studio,כפר ורדים,לא אומת,לא אומת,לא אומת,https://www.zimmer.co.il/premium.asp?site_id=5618,לא נבדק,
ימה צימר וספא,זכרון יעקב,לא אומת,לא אומת,לא אומת,https://www.zimmer.co.il/premium.asp?site_id=5455,לא נבדק,"צימר + ספא"
מדרחוב זכרון יעקב,זכרון יעקב,לא אומת,לא אומת,לא אומת,https://www.zimmer.co.il/premium.asp?site_id=3693,לא נבדק,"על המדרחוב — מיקום תיירותי חזק"
המקום שלי במושבה,זכרון יעקב,לא אומת,5,052-9706726,https://www.zimmer.co.il/premium.asp?site_id=4187,לא נבדק,"5 יחידות + גינה קסומה עם פינות ישיבה ומנגל"
עין הוד - צימר כזה,עין הוד,לא אומת,לא אומת,לא אומת,https://www.weekend.co.il/zimmers/zimmer-like-this,לא נבדק,"דירוג 5.0, ג'קוזי ספא חיצוני בכל יחידה, מבודד"
יקיר עין הוד,עין הוד,לא אומת,3,לא אומת,https://www.weekend.co.il/zimmers/yakir-ein-hod-country-hospitality,לא נבדק,"3 בקתות מרווחות + בריכה בכפר האמנים"
אתנחתא עין הוד,עין הוד,לא אומת,לא אומת,לא אומת,https://www.weekend.co.il/zimmers/atnachta-ain-hod,לא נבדק,
בית בטבע,עין הוד,לא אומת,לא אומת,לא אומת,https://www.weekend.co.il/zimmers/bait-bateva-ein-hod,לא נבדק,"טיפולי ספא, מבודד"
צימר אמסטרדם,עין הוד,לא אומת,לא אומת,לא אומת,https://www.weekend.co.il/zimmers/amsterdam-apartment,לא נבדק,"בית אבן עתיק צופה לים בחלק הישן של עין הוד"
אויר הרים,הרי ירושלים,לא אומת,לא אומת,לא אומת,https://www.zimmer.co.il/premium.asp?site_id=3893,לא נבדק,"יחידות לזוגות/משפחות עד 3 ילדים"
פינקצימר,הרי ירושלים,לא אומת,לא אומת,לא אומת,https://www.zimmer.co.il/premium.asp?site_id=1711,לא נבדק,"בקתת עץ לזוגות + ארוחות בוקר כפריות + טיפולי גוף"
וילה 900,מצפה רמון,לא אומת,לא אומת,לא אומת,https://www.zimmer.co.il/premium.asp?site_id=4682,לא נבדק,
צימרים האופק המנחה,מצפה רמון,לא אומת,לא אומת,לא אומת,https://www.zimmer.co.il/premium.asp?site_id=4590,לא נבדק,"בקתות עץ"
צימרים בחוות האלפקות,מצפה רמון,לא אומת,לא אומת,לא אומת,https://www.zimmer.co.il/premium.asp?site_id=3549,לא נבדק,"חוות אלפקות — קונספט ויראלי מובהק לרילסים"
בתיה וקלוד בעין הוד,עין הוד,500-600 (עונה רגילה),3,053-9384129 / 055-4541949,https://www.weekend.co.il/zimmers/batya-and-claud-in-ein-hod,לא נבדק,"★ הדמו הראשון ★ בית אבן בכפר האמנים, 3 סוויטות זוגיות (פרובאנס/החדר הירוק/נוף ים), בעלים אמנים. שים לב: מתחת לרף 1,200 ₪ — משמש כדמו בלבד"
